word,freq,doc_freq,tfidf_top_k_mean,token_count,expected_cost,positive_residual,RIF
gbarpolu,13,6,0.6844271155055487,4,2.8294973672868955,1.1705026327131045,0.8011237405994808
polsbroek,43,3,0.6835037898925346,4,2.8936548775930064,1.1063451224069936,0.7561910840943001
wheatland,12,3,0.7054712444952848,4,2.99562331982422,1.0043766801757799,0.70855886650565
kwadjokrom,6,3,0.25048291031168984,6,3.198777916209434,2.801222083790566,0.7016582599772373
bangladeshi,234,86,0.30685938690231207,5,2.923969758365319,2.076030241634681,0.637049367138677
bangladesh,812,149,0.2644694586232872,5,2.6722578891314583,2.3277421108685417,0.615616695876031
anastasius,43,11,0.5488027816082839,4,2.9951000042435565,1.0048999957564435,0.5514919129092889
coenagrionidae,5,3,0.2531595916372429,6,3.893386457203015,2.106613542796985,0.5333094242319703
leštinka,5,3,0.3882891498604312,5,3.6370635482008966,1.3629364517991034,0.5292134361828664
tlaxcala,12,4,0.2312744608775137,5,2.84727367331322,2.15272632668678,0.4978706206213155
cairncross,8,3,0.5706992299202829,4,3.1760248386211125,0.8239751613788875,0.4702419900723719
silvestri,48,3,0.41596488821725813,4,2.8848219052140394,1.1151780947859606,0.463874931539977
kızılırmak,11,7,0.1489292467482989,7,3.892255227793334,3.107744772206666,0.4628340880107025
aberdeen,610,65,0.2964188215825344,4,2.4722189328365243,1.5277810671634757,0.45286306356470435
lofa,16,8,0.6310597067783635,3,2.314854244449241,0.6851457555507592,0.4323678795983024
liberia,186,96,0.7483977063903857,3,2.425300827047661,0.574699172952339,0.4301035429019821
krasnoyarsk,13,9,0.15482053219965453,6,3.2536926045145003,2.7463073954854997,0.42518477255291215
afyonkarahisar,46,18,0.303133795259194,5,3.6022459297740768,1.3977540702259232,0.4237064961465701
gütersloh,28,13,0.3006899445098547,5,3.5929609442237096,1.4070390557762904,0.4230824956045711
andriessen,24,3,0.4542933001298299,4,3.085182543194197,0.9148174568058032,0.41559544146868643
zitadelle,7,3,0.4133392985730453,4,3.037221016130506,0.962778983869494,0.39795438987348597
havlíčkův,3,3,0.07692107019926248,9,3.8602296223380916,5.139770377661908,0.39535663802822146
macquarie,92,33,0.31022728439872915,4,2.758858458725048,1.2411415412749518,0.3850359699041815
alexander,2707,630,0.6606347226143147,3,2.4180472561344004,0.5819527438655996,0.3844581895182897
amalthea,15,4,0.3077160740997446,4,2.8305301583778095,1.1694698416221905,0.3598646684420306
inhabitants,849,431,0.2855976723976542,4,2.7638408204545333,1.2361591795454667,0.35304418439117924
rajshahi,22,8,0.28892142072898475,4,2.7812278201963894,1.2187721798036106,0.35212938973382085
douglas,666,324,0.19847560685705284,4,2.3045670416454356,1.6954329583545644,0.3365020852948706
brunei,400,41,0.19496267330101844,4,2.28552910977147,1.71447089022853,0.3342578280557311
beauchamp,24,12,0.3007864794552824,4,2.897977332853592,1.1020226671464082,0.3314735183308886
łódź,22,9,0.15254211589677832,5,2.8563763180466144,2.1436236819533856,0.32699289213161203
nebraska,612,113,0.5945094040689204,3,2.455350568597595,0.5446494314024051,0.3237992088895202
village,2202,914,0.40378298974094395,3,2.1993560517333437,0.8006439482666563,0.3232864071491041
eriksson,17,8,0.2640265098727747,4,2.800659943876483,1.1993400561235168,0.31665756916890986
euskirchen,22,8,0.33665688350160894,4,3.0616636698898585,0.9383363301101415,0.3158973845712172
swedish,1017,333,0.42720611035952893,3,2.2762871925477794,0.7237128074522206,0.30917453348903784
rfc,140,41,0.3154412611011231,3,2.0384446474201003,0.9615553525798997,0.3033142330363386
quebec,495,181,0.39086576391742645,3,2.2309747106819278,0.7690252893180722,0.3005856571811282
mexico,1490,516,0.34616010617327947,3,2.1345897435015964,0.8654102564984036,0.2995705062729324
miyazawa,15,4,0.25290524969783,4,2.8305301583778095,1.1694698416221905,0.2957650623095418
pardubice,22,16,0.26279077482291235,4,2.8952355105096186,1.1047644894903814,0.29032191619001657
zemfira,17,3,0.22240981719527123,4,2.696198711249611,1.303801288750389,0.28997820628993304
pcgn,81,3,0.3773772504936232,3,2.2359647704363264,0.7640352295636736,0.28832951421300335
shoalhaven,6,3,0.15714830899396384,5,3.198777916209434,1.8012220837905661,0.28305900459027133
dâmbovița,8,3,0.08740015740604919,7,3.7723289403670313,3.2276710596329687,0.282098958666871
leština,12,3,0.45703564742219793,4,3.3911922415744926,0.6088077584255074,0.27824684802765887
phosphatidylserine,31,3,0.11001637657167779,7,4.499034036693125,2.500965963306875,0.27514721321211805
muhammad,828,183,0.17390972676074212,4,2.420029322839494,1.5799706771605062,0.27477226875496835
carcarañá,13,3,0.21554179394093795,5,3.725281834284006,1.2747181657159938,0.2747550402075271
jérôme,36,16,0.2990335431763177,4,3.081937658568823,0.918062341431177,0.2745314348149112
jocky,5,3,0.5763383000461766,3,2.5268728681191788,0.47312713188082123,0.2726812868939157
zoetrope,12,3,0.2376205960840062,4,2.8551356369076,1.1448643630923998,0.27204335239335214
texas,1675,494,0.278277833213202,3,2.028824505057318,0.9711754949426821,0.27025661240240856
verbandsgemeinde,4,4,0.15805451364475906,6,4.296353472046139,1.703646527953861,0.2692690233983299
lamborghini,95,22,0.2830024114765348,4,3.0489922935056653,0.9510077064943347,0.26913747427066537
kermanshah,11,3,0.3160243244155909,4,3.1501777699505866,0.8498222300494134,0.2685644961247167
snowboarders,33,11,0.39493921227643536,4,3.3213359567536695,0.6786640432463305,0.2680310426400464
wahidiyya,19,3,0.13089045682703784,5,2.9591916445872015,2.0408083554127985,0.267122337936417
toeplitz,12,3,0.23273421932754257,4,2.8551356369076,1.1448643630923998,0.2664491137802339
bundesautobahn,16,4,0.11863072741892476,6,3.7694906705384863,2.2305093294615137,0.2646069442687175
çankırı,24,14,0.36349908579770074,4,3.2748560888403984,0.7251439111596016,0.2635891487782843
nhị,12,3,0.11946850499783924,5,2.798405064700494,2.201594935299506,0.2630212555310466
kazakhstan,179,77,0.2210543818259738,4,2.811820330391464,1.188179669608536,0.2626523223635047
çaybaşı,7,3,0.1679990527914251,5,3.438282870108365,1.561717129891635,0.26236699854993767
tributary,155,115,0.19733407984144055,4,2.6777034010018226,1.3222965989981774,0.2609341826407716
dhaka,175,53,0.3357423890204784,3,2.222982014962687,0.7770179850373129,0.2608778746083058
sabha,124,42,0.3459771522416174,3,2.2510201113953725,0.7489798886046275,0.2591299289456728
turkey,1429,511,0.299795145748068,3,2.1373806669284603,0.8626193330715397,0.2586090886832835
kırıkkale,5,3,0.21828197505520786,5,3.8160261949845258,1.1839738050154742,0.2584401405724073
laurentides,4,3,0.16024370809664656,5,3.3884044791177894,1.6115955208822106,0.25824804221811204
veracruz,34,27,0.19960854886974574,4,2.7099809623012363,1.2900190376987637,0.25749882812939606
catharines,38,9,0.2581126939931232,4,3.0121586478169666,0.9878413521830334,0.25497439264977234
georgia,1085,334,0.349212391824839,3,2.2720262950505568,0.7279737049494432,0.2542174386909847
anastasios,31,7,0.2637870758745392,4,3.0374961778175877,0.9625038221824123,0.25389606877156595
hormel,34,3,0.5222847955780772,3,2.5216704740711475,0.4783295259288525,0.2498242386687093
lulis,18,3,0.4504329415951429,3,2.44547941264628,0.55452058735372,0.24977433933680251
mymensingh,24,12,0.25531431717555847,4,3.040573052431542,0.959426947568458,0.2449554359982712
chhattisgarh,15,6,0.09465151020858359,6,3.4158901127482535,2.5841098872517465,0.24458990337331046
cyprus,751,131,0.3107536252156583,3,2.2135264259365917,0.7864735740634083,0.24439951427651968
committee,1741,721,0.15609655959012486,4,2.4444666610880534,1.5555333389119466,0.24281340253189457
albion,296,52,0.3448761999833417,3,2.2984865417802034,0.7015134582197966,0.2419352957080162
lgbt,369,113,0.12406504266427136,4,2.055415471414317,1.944584528585683,0.24125496250326478
supernova,61,27,0.20025258128069096,4,2.7975198587757473,1.2024801412242527,0.2407997522189264
zabaykalsky,7,4,0.09016917186852634,6,3.3342624384341257,2.6657375615658743,0.24036734834521964
tokat,24,10,0.3978027798844583,3,2.396346816010442,0.6036531839895578,0.24013491467715045
athens,1068,214,0.28958132477375037,3,2.1783496669633187,0.8216503330366813,0.23793459194155536
gymnasts,34,6,0.1904089622858903,4,2.7568046326520896,1.2431953673479104,0.2367155398153418
aerodromes,6,6,0.28648570786247235,4,3.1767338424904734,0.8232661575095266,0.2358539878933344
söğütçük,3,3,0.07049863786400402,7,3.679193938852959,3.320806061147041,0.23411230392139484
broadcasting,806,307,0.21593906747921263,4,2.9162822256355336,1.0837177743644664,0.23401700560691063
clavulanate,10,3,0.13864058869494233,5,3.313362000799016,1.686637999200984,0.2338364851244841
clarke,225,137,0.32887037341728786,3,2.2891615015858475,0.7108384984141525,0.23377372241284652
burdur,19,10,0.4951683297865931,3,2.530246396511252,0.4697536034887482,0.23260710725075695
zacatecas,7,5,0.11708971382024366,5,3.022041395565224,1.9779586044347761,0.23159860694155648
gimhae,5,3,0.17103332946124347,4,2.6512082971187736,1.3487917028812264,0.2306883356934764
margibi,9,4,0.8661802095693524,3,2.7340425137831326,0.26595748621686743,0.23036711114786437
huntingtons,11,4,0.32721214512953545,4,3.2960818528487077,0.7039181471512923,0.23033056692498236
tägtgren,14,4,0.15664012423650597,5,3.5338657981812447,1.4661342018187553,0.22965544352028036
minden,16,8,0.5076621324484034,3,2.548264866996809,0.4517351330031909,0.22932882092226303
kütahya,15,10,0.13675037369422113,5,3.3293701447791357,1.6706298552208643,0.22845925700617573
bhutan,51,24,0.14608818792680797,4,2.437641164408585,1.5623588355914149,0.2282421711829875
nizhny,21,10,0.15420202276413802,4,2.523405670760146,1.476594329239854,0.2276938323708411
gümüşlü,4,3,0.06418443734529464,7,3.4844925351980436,3.5155074648019564,0.22564086861149676
cumhuriyet,29,24,0.11186539310104475,5,3.0005228865673677,1.9994771134326323,0.22367229329068367
bundesrat,12,7,0.21673071469231803,4,2.970074395171512,1.0299256048284882,0.22321651241439616
korea,839,324,0.2425147504126378,3,2.0798097873167927,0.9201902126832073,0.2231596997610201
dakota,512,109,0.29370033891858693,3,2.2427515959875453,0.7572484040124547,0.22240411290401702
jacquard,19,8,0.18234757993535383,4,2.79229088963643,1.2077091103635702,0.22022283354067618
azurduy,41,4,0.16008954160855043,4,2.624835867568921,1.3751641324310788,0.22014939559741134
murrumbidgee,16,5,0.0850738268015124,6,3.4165147635811333,2.5834852364188667,0.21978697554736298
kemalpaşa,4,4,0.10104958630858725,6,3.8252772898025125,2.1747227101974875,0.21975483020134579
thornycroft,9,4,0.3182893557811203,4,3.3131957477601635,0.6868042522398365,0.2186024829931516
austin,767,178,0.2745514778105544,3,2.203892484791357,0.796107515208643,0.21857249479662133
borken,32,14,0.422765853495925,3,2.4849679480310765,0.5150320519689235,0.21773796502839957
bangor,92,21,0.36347323514001567,3,2.4015091386818015,0.5984908613181985,0.21753540956506007
bihar,112,26,0.29800413731347686,3,2.2705016943141443,0.7294983056858557,0.21739351325755646
hochsauerlandkreis,8,8,0.06398834770865205,8,4.617592235656302,3.3824077643436983,0.21643468411726902
cemetery,528,312,0.137847347779738,4,2.435068588236861,1.5649314117631392,0.21572164456874984
newspapers,792,354,0.6063133092576433,3,2.645832575094911,0.3541674249050888,0.21473642342546226
hawaii,188,112,0.12642126607141255,4,2.3065058469487005,1.6934941530512995,0.21409367491327977
stewart,376,212,0.330953297431875,3,2.3544807092205633,0.6455192907794367,0.21363673783933992
wapentake,23,7,0.19731525340180175,4,2.918798470044582,1.0812015299554179,0.21333755386156902
stephens,75,48,0.1557826025989723,4,2.632678804807908,1.3673211951920918,0.2130048543757615
kuressaare,4,3,0.1200647607177115,5,3.2294962843172863,1.7705037156827137,0.21257510497326412
drummoyne,13,3,0.20932380642284434,4,2.9893241556091237,1.0106758443908763,0.21155851480752055
capricorn,54,14,0.17979068857581443,4,2.828789640325248,1.171210359674752,0.21057271703305094
shambhala,17,5,0.10246415117082411,5,2.953226965957779,2.046773034042221,0.20972086157246844
göttlich,17,3,0.441437991533108,4,3.525319456283321,0.474680543716679,0.20954202583813444
greece,1212,398,0.24760717667823945,3,2.1540230290559585,0.8459769709440415,0.2094699693102631
eskişehir,21,7,0.15372149890323666,5,3.646394056031895,1.353605943968105,0.20807833463110767
heilbronn,20,4,0.10122579213114773,5,2.9469562431452028,2.0530437568547972,0.2078209805675343
hypobromous,12,3,0.1215577669097806,5,3.2976770260887993,1.7023229739112007,0.20693057926786224
shanghai,144,76,0.14441855271635196,4,2.570414800999873,1.429585199000127,0.20645862542431634
labour,1187,336,0.24509675000973147,3,2.1598000850970545,0.8401999149029455,0.2059302685011649
dicroglossidae,11,7,0.16894393929614374,5,3.7849227439871624,1.2150772560128376,0.20527993817995774
tamaulipas,12,8,0.10855625610222822,5,3.1116854272530934,1.8883145727469066,0.20498836036068285
victor,387,253,0.2678499455745382,3,2.2373562405642815,0.7626437594357185,0.20427408945761838
olomouc,15,9,0.1541049385902979,4,2.6747762206706205,1.3252237793293795,0.20422352913195652
sverdlovsk,18,7,0.10612685383546186,5,3.082807634667931,1.917192365332069,0.2034655939300599
juno,78,50,0.2446238028836929,3,2.1690210710056905,0.8309789289943095,0.2032772257268062
antigua,207,33,0.3689017653358374,3,2.4495078336352467,0.5504921663647533,0.203077531975507
ljubljana,48,21,0.0931490231216679,5,2.8246863350483955,2.1753136649516045,0.20262834287345713
locomotives,177,52,0.1957623117528359,4,2.96523843158557,1.0347615684144298,0.20256731674579903
norway,666,316,0.252067297175837,3,2.197164855719493,0.8028351442805071,0.20236848489656054
hotel,723,347,0.22088564683024958,3,2.0868436424065013,0.9131563575934987,0.20170313270419465
sweden,847,324,0.24552943897927132,3,2.181559921559431,0.818440078440569,0.2009511332976637
buffalo,693,117,0.2997872469204984,3,2.330971689709273,0.6690283102907268,0.20056615525392996
cayman,419,22,0.28621536339132264,3,2.299573778212879,0.7004262217871209,0.20047274559761194
kastamonu,11,7,0.19350469979289625,4,2.976834768924711,1.0231652310752888,0.19798728087775308
macfarlane,36,15,0.09876348333042292,5,2.999196420492872,2.000803579507128,0.19760633097210276
florida,1033,393,0.2695700828445668,3,2.2706387999919997,0.7293612000080003,0.19661395910976928
περὶ,4,3,0.03282546696091509,9,3.016880893755102,5.983119106244898,0.1963986785452617
ulubey,13,5,0.4618172082849277,3,2.5752277898448312,0.42477221015516875,0.19616711625087865
british,9246,1833,0.21634335121853465,3,2.0934775447765284,0.9065224552234716,0.19612010591789988
alberta,810,110,0.2887152753900394,3,2.3224335799031985,0.6775664200968015,0.19562377557329114
martin,1512,711,0.22348051106519023,3,2.1252802895904,0.8747197104095998,0.19548280792113257
mohammad,148,75,0.1363619787100009,4,2.5688436611886734,1.4311563388113266,0.19515531020367294
toccoa,5,3,0.14417557868385103,4,2.6512082971187736,1.3487917028812264,0.19446282428687767
constituency,398,176,0.19115060545377452,4,2.995652079861521,1.0043479201384788,0.1919817130207094
knockout,87,43,0.13895561089904676,4,2.6252278415484587,1.3747721584515413,0.19103230512463504
walsh,223,82,0.23623637787925178,3,2.196110061099974,0.803889938900026,0.18990804737931516
mcgee,35,15,0.11558331713396461,4,2.360698974146405,1.639301025853595,0.1894758503492696
pennsylvania,907,333,0.17237735993556907,4,2.9036212698737263,1.0963787301262737,0.18899087098867884
tokushima,4,3,0.2049451192712927,4,3.0780405098315295,0.9219594901684705,0.18895109767587737
elazığ,12,5,0.2384155158905965,4,3.2159994414388557,0.7840005585611443,0.18691789762787103
nilpotent,20,4,0.1772677439851779,4,2.9469562431452028,1.0530437568547972,0.1866706910953261
politician,2868,603,0.39897371736212783,3,2.534238560460605,0.4657614395393952,0.18582657293696844
hokkaido,95,19,0.13700657951984935,4,2.6443869517450533,1.3556130482549467,0.1857279068938867
novgorod,36,22,0.1428679897837935,4,2.7122917823779584,1.2877082176220416,0.18397228447973277
karimganj,9,3,0.18694227262287988,4,3.018031106266864,0.9819688937331361,0.1835714966394477
gibson,305,93,0.25464604837958815,3,2.2803347097479625,0.7196652902520375,0.1832599223186307
poindexter,30,3,0.09444038875391982,5,3.0663891179969647,1.9336108820030353,0.18261096339517643
andorra,233,18,0.3354626863670418,3,2.458945114685422,0.541054885314578,0.18150372529964004
germany,3647,1178,0.21632211668466533,3,2.1612916171846837,0.8387083828153163,0.18143117265178182
kilbride,12,3,0.1582077733478711,4,2.8551356369076,1.1448643630923998,0.1811264416701772
boldklub,28,11,0.08017655877629815,5,2.7531710061596706,2.2468289938403294,0.18014301688493
wollongong,30,8,0.18633247153065008,4,3.0358149146704925,0.9641850853295075,0.17965898996243787
yozgat,7,5,0.1296203003044841,4,2.616489733963385,1.3835102660366152,0.17933101615800276
frogs,223,61,0.22523626786655354,3,2.2040405752426904,0.7959594247573096,0.17927893020554525
candidate,830,403,0.12060349300483333,4,2.5143782232611662,1.4856217767388338,0.17917117555875
samuel,673,353,0.2217531368428916,3,2.193519018459844,0.8064809815401559,0.17883968746066373
sugar,573,228,0.1997904920019934,3,2.1115417968124994,0.8884582031875006,0.17750550153803776
morris,468,173,0.232225935932797,3,2.2357660999101663,0.7642339000898337,0.1774749327199333
franc,125,27,0.23962226531370226,3,2.262472700014949,0.7375272999850511,0.17672796235311639
frazione,4,3,0.16558058956569563,4,2.9336876546884807,1.0663123453115193,0.176560626797861
bmw,277,28,0.17773969917829086,3,2.0086866756815622,0.9913133243184378,0.17619573205579062
railway,1829,553,0.22712719260022904,3,2.2247267355139493,0.7752732644860507,0.17608564006073155
connexion,3,3,0.19335506073208708,4,3.0976119846972634,0.9023880153027366,0.17448128950276817
devlin,77,13,0.30388798221541696,3,2.4270552539133963,0.5729447460866037,0.17411102280918242
arbuthnott,8,3,0.09537619535955671,5,3.1760248386211125,1.8239751613788875,0.17396381132265176
toxicodendron,6,3,0.0751612712927923,6,3.6945833008722424,2.3054166991277576,0.17327804996607513
bharatiya,39,18,0.14973712675159495,4,2.8461675521523784,1.1538324478476216,0.1727715554934624
grímnismál,17,7,0.08022133441386599,6,3.8476850757465004,2.1523149242534996,0.17266157530249462
sapporo,26,16,0.12456257459147893,4,2.618092606015258,1.3819073939847422,0.17213394284174072
appomattox,40,10,0.17241235002377264,4,3.0043423569310503,0.9956576430689497,0.17166367406064822
khulna,26,12,0.345809886893888,3,2.5035958548702353,0.4964041451297647,0.1716614612809811
harnoncourt,16,3,0.2355598163636302,4,3.2726444979437863,0.7273555020562137,0.17133572849543774
narayanganj,10,6,0.10014797096191799,5,3.290528281761162,1.709471718238838,0.1712001239984032
владимир,3,3,0.020357411224679583,12,3.679193938852959,8.32080606114704,0.16939007070757667
governor,1998,669,0.24920972784201742,3,2.3228823605069677,0.6771176394930323,0.16874430265508783
